feature,importance
total_dpu,0.3429119190863479
nonzero_layers,0.0029925890019241756
std_dpu,0.0018252561165108404
하판_total,0.0013994694595226818
하판_PI,0.001342292119000703
상판_BM,0.001239668384592081
하판_CS,0.001195844833469719
max_dpu,0.0011319591844667753
하판_PAC,0.0011091684574322303
하판_RGB,0.001089961474526566
상판_OC,0.0010630755545324353
상판_PI,0.0010174597986195577
상판_total,0.0009870063360398705
large_dpu_count,0.0004589735754686597
mean_dpu,0.0
